Loss,Recall
7.159829653226412,0.788135593220339
